<?xml version="1.0" encoding="UTF-8"?>
<gmi:MI_Metadata xmlns:xlink="http://www.w3.org/1999/xlink"
                 xmlns:gmd="http://www.isotc211.org/2005/gmd"
                 xmlns:gco="http://www.isotc211.org/2005/gco"
                 xmlns:gml="http://www.opengis.net/gml/3.2"
                 xmlns:xsi="http://www.w3.org/2001/XMLSchema-instance"
                 xmlns:gmi="http://www.isotc211.org/2005/gmi"
                 xsi:schemaLocation="http://www.isotc211.org/2005/gmi http://www.ngdc.noaa.gov/metadata/published/xsd/schema.xsd">
   <gmd:fileIdentifier>
      <gco:CharacterString>tl_2017_05001_addrfeat.shp.iso.xml</gco:CharacterString>
   </gmd:fileIdentifier>
   <gmd:language>
      <gco:CharacterString>eng</gco:CharacterString>
   </gmd:language>
   <gmd:characterSet>
      <gmd:MD_CharacterSetCode codeList="http://www.isotc211.org/2005/resources/Codelist/gmxCodelists.xml#MD_CharacterSetCode"
                               codeListValue="UTF-8"
                               codeSpace="">UTF-8</gmd:MD_CharacterSetCode>
   </gmd:characterSet>
   <!-- This part represents a link to the Series Collection File -->
<gmd:parentIdentifier>
      <gco:CharacterString>TIGER/Line Shapefile,  2017, Series Information for the   Address Range-Feature County-based </gco:CharacterString>
   </gmd:parentIdentifier>
   <gmd:hierarchyLevel>
      <gmd:MD_ScopeCode codeList="http://www.isotc211.org/2005/resources/Codelist/gmxCodelists.xml#MD_ScopeCode"
                        codeListValue="dataset">
dataset
</gmd:MD_ScopeCode>
   </gmd:hierarchyLevel>
   <gmd:contact xlink:href="https://www.ngdc.noaa.gov/docucomp/B04DFA5D-40CD-B677-E040-0AC8C5BB4473"
                xlink:title=" U.S. Department of Commerce, U.S. Census Bureau, Geography Division, Spatial Data Collection and Products Branch(custodian)"/>
   <gmd:dateStamp>
      <gco:Date>2017-06-01</gco:Date>
   </gmd:dateStamp>
   <gmd:metadataStandardName>
      <gco:CharacterString>ISO 19115 Geographic Information - Metadata </gco:CharacterString>
   </gmd:metadataStandardName>
   <gmd:metadataStandardVersion>
      <gco:CharacterString>2009-02-15 </gco:CharacterString>
   </gmd:metadataStandardVersion>
   <gmd:dataSetURI>
      <gco:CharacterString>http://www2.census.gov/geo/tiger/TIGER2017/ADDRFEAT/tl_2017_05001_addrfeat.zip</gco:CharacterString>
   </gmd:dataSetURI>
   <!-- This is the ptvctinf/sdtsterm/sdtstype from section 3 of the FGDC Standard (Spatial Data Organization) -->
<gmd:spatialRepresentationInfo>
      <gmd:MD_VectorSpatialRepresentation>
         <gmd:geometricObjects>
            <gmd:MD_GeometricObjects>
               <gmd:geometricObjectType>
                  <gmd:MD_GeometricObjectTypeCode codeList="http://www.isotc211.org/2005/resources/Codelist/gmxCodelists.xml#MD_GeometricObjectTypeCode"
                                                  codeListValue="curve"
                                                  codeSpace="003">
                                                curve </gmd:MD_GeometricObjectTypeCode>
               </gmd:geometricObjectType>
               <gmd:geometricObjectCount>
                  <gco:Integer>4057</gco:Integer>
               </gmd:geometricObjectCount>
            </gmd:MD_GeometricObjects>
         </gmd:geometricObjects>
      </gmd:MD_VectorSpatialRepresentation>
   </gmd:spatialRepresentationInfo>
   <!--This is the indirect spatial reference of section 3 of the FGDC Standard-->
<gmd:referenceSystemInfo>
      <gmd:MD_ReferenceSystem>
         <gmd:referenceSystemIdentifier>
            <gmd:RS_Identifier>
               <gmd:code gco:nilReason="unknown"/>
               <gmd:codeSpace>
                  <gco:CharacterString>Federal Information Processing Series (FIPS), Geographic Names Information System (GNIS), and feature names.</gco:CharacterString>
               </gmd:codeSpace>
            </gmd:RS_Identifier>
         </gmd:referenceSystemIdentifier>
      </gmd:MD_ReferenceSystem>
   </gmd:referenceSystemInfo>
   <gmd:referenceSystemInfo xlink:href="https://www.ngdc.noaa.gov/docucomp/65f8b220-95ed-11e0-aa80-0800200c9a66"
                            xlink:title="North American Datum 1983"/>
   <!--This part represents Section 1 of the FGDC Metadata Standard -->
<gmd:identificationInfo>
      <gmd:MD_DataIdentification>
         <gmd:citation>
            <gmd:CI_Citation>
               <gmd:title>
                  <gco:CharacterString>TIGER/Line Shapefile, 2017,  county, Arkansas County, AR, Address Range-Feature County-based </gco:CharacterString>
               </gmd:title>
               <gmd:date>
                  <gmd:CI_Date>
<!-- This is the publication date -->
<gmd:date>
                        <gco:Date>2017</gco:Date>
                     </gmd:date>
                     <gmd:dateType>
                        <gmd:CI_DateTypeCode codeList="http://www.isotc211.org/2005/resources/Codelist/gmxCodelists.xml#CI_DateTypeCode"
                                             codeListValue="publication"
                                             codeSpace="002"> publication </gmd:CI_DateTypeCode>
                     </gmd:dateType>
                  </gmd:CI_Date>
               </gmd:date>
           
                  <gmd:edition>
                  <gco:CharacterString>2017</gco:CharacterString>
               </gmd:edition>
               <gmd:citedResponsibleParty xlink:href="https://www.ngdc.noaa.gov/docucomp/cf2b3bf2-5dd9-4fed-a495-1ddfb9a41de2 "
                                          xlink:title="U.S. Department of Commerce, U.S. Census Bureau, Geography Division (Originator) "/>
               <gmd:presentationForm>
                  <gmd:CI_PresentationFormCode codeList="http://www.isotc211.org/2005/resources/Codelist/gmxCodelists.xml#CI_PresentationFormCode"
                                               codeListValue="mapDigital"/>
               </gmd:presentationForm>
            </gmd:CI_Citation>
         </gmd:citation>
         <gmd:abstract>
            <gco:CharacterString>The TIGER/Line shapefiles and related database files (.dbf) are an extract of selected geographic and cartographic information from the U.S. Census Bureau's Master Address File / Topologically Integrated Geographic Encoding and Referencing (MAF/TIGER) Database (MTDB).  The MTDB represents a seamless national file with no overlaps or gaps between parts, however, each TIGER/Line shapefile is designed to stand alone as an independent data set, or they can be combined to cover the entire nation.


The Address Ranges Feature Shapefile (ADDRFEAT.dbf) contains the geospatial edge geometry and attributes of all unsuppressed address ranges for a county or county equivalent area. The term "address range" refers to the collection of all possible structure numbers from the first structure number to the last structure number and all numbers of a specified parity in between along an edge side relative to the direction in which the edge is coded.     Single-address address ranges have been suppressed to maintain the confidentiality of the addresses they describe.  Multiple coincident address range feature edge records are represented in the shapefile if more than one left or right address ranges are associated to the edge. The ADDRFEAT shapefile contains a record for each address range to street name combination. Address range associated to more than one street name are also represented by multiple coincident address range feature edge records.   Note that the ADDRFEAT shapefile includes all unsuppressed address ranges compared to the All Lines Shapefile (EDGES.shp) which only includes the most inclusive address range associated with each side of a street edge.  The TIGER/Line shapefile contain potential address ranges, not individual addresses.  The address ranges in the TIGER/Line Files are potential ranges that include the full range of possible structure numbers even though the actual structures may not exist.</gco:CharacterString>
         </gmd:abstract>
         <gmd:purpose>
            <gco:CharacterString>In order for others to use the information in the Census MAF/TIGER database in a geographic information system (GIS) or for other geographic applications, the Census Bureau releases to the public extracts of the database in the form of TIGER/Line Shapefiles.</gco:CharacterString>
         </gmd:purpose>
         <gmd:status>
            <gmd:MD_ProgressCode codeList="http://www.isotc211.org/2005/resources/Codelist/gmxCodelists.xml#MD_ProgressCode"
                                 codeListValue="completed">
                        completed
                    </gmd:MD_ProgressCode>
         </gmd:status>
         <gmd:pointOfContact xlink:href="https://www.ngdc.noaa.gov/docucomp/c5ceb003-1ed6-4126-8a16-bc08ce8fc267"
                             xlink:title="U.S. Department of Commerce, U.S. Census Bureau, Geography Division, Spatial Data Collection and Products Branch"/>
         <gmd:resourceMaintenance>
            <gmd:MD_MaintenanceInformation>
               <gmd:maintenanceAndUpdateFrequency>
                  <gmd:MD_MaintenanceFrequencyCode codeList="http://www.isotc211.org/2005/resources/Codelist/gmxCodelists.xml#MD_MaintenanceFrequencyCode"
                                                   codeListValue="notPlanned"
                                                   codeSpace="011">
                         notPlanned
                </gmd:MD_MaintenanceFrequencyCode>
               </gmd:maintenanceAndUpdateFrequency>
            </gmd:MD_MaintenanceInformation>
         </gmd:resourceMaintenance>
         <gmd:descriptiveKeywords>
            <gmd:MD_Keywords>
               <gmd:keyword>
                  <gco:CharacterString>State FIPS Code</gco:CharacterString>
               </gmd:keyword>
               <gmd:keyword>
                  <gco:CharacterString>County FIPS Code</gco:CharacterString>
               </gmd:keyword>
               <gmd:keyword>
                  <gco:CharacterString>State GNIS Code</gco:CharacterString>
               </gmd:keyword>
               <gmd:keyword>
                  <gco:CharacterString>County GNIS Code</gco:CharacterString>
               </gmd:keyword>
               <gmd:keyword>
                  <gco:CharacterString>Permanent edge ID</gco:CharacterString>
               </gmd:keyword>
               <gmd:keyword>
                  <gco:CharacterString>From House Number</gco:CharacterString>
               </gmd:keyword>
               <gmd:keyword>
                  <gco:CharacterString>To House Number</gco:CharacterString>
               </gmd:keyword>
               <gmd:keyword>
                  <gco:CharacterString>Side indicator flag</gco:CharacterString>
               </gmd:keyword>
               <gmd:keyword>
                  <gco:CharacterString>5-digit ZIP code</gco:CharacterString>
               </gmd:keyword>
               <gmd:keyword>
                  <gco:CharacterString>ZIP +4 code</gco:CharacterString>
               </gmd:keyword>
               <gmd:type>
                  <gmd:MD_KeywordTypeCode codeList="http://www.isotc211.org/2005/resources/Codelist/gmxCodelists.xml#MD_KeywordTypeCode"
                                          codeListValue="theme"
                                          codeSpace="005"> theme </gmd:MD_KeywordTypeCode>
               </gmd:type>
               <gmd:thesaurusName>
                  <gmd:CI_Citation>
                     <gmd:title>
                        <gco:CharacterString>None</gco:CharacterString>
                     </gmd:title>
                     <gmd:date gco:nilReason="unknown"/>
                  </gmd:CI_Citation>
               </gmd:thesaurusName>
            </gmd:MD_Keywords>
         </gmd:descriptiveKeywords>
         <gmd:descriptiveKeywords>
            <gmd:MD_Keywords>
               <gmd:keyword>
                  <gco:CharacterString>United States</gco:CharacterString>
               </gmd:keyword>
               <gmd:keyword>
                  <gco:CharacterString>U.S.</gco:CharacterString>
               </gmd:keyword>
               <gmd:keyword>
                  <gco:CharacterString>County or Equivalent Entity</gco:CharacterString>
               </gmd:keyword>
               <gmd:keyword>
                  <gco:CharacterString>Arkansas</gco:CharacterString>
               </gmd:keyword>
               <gmd:keyword>
                  <gco:CharacterString>05001</gco:CharacterString>
               </gmd:keyword>
               <gmd:type>
                  <gmd:MD_KeywordTypeCode codeList="http://www.isotc211.org/2005/resources/Codelist/gmxCodelists.xml#MD_KeywordTypeCode"
                                          codeListValue="place"
                                          codeSpace="002"> place </gmd:MD_KeywordTypeCode>
               </gmd:type>
               <gmd:thesaurusName>
                  <gmd:CI_Citation>
                     <gmd:title>
                        <gco:CharacterString>ANSI INCITS 38:2009 (Formerly FIPS 5-2), ANSI INCITS 31:2009 (Formerly FIPS 6-4),ANSI INCITS 454:2009 (Formerly FIPS 8-6), ANSI INCITS 455:2009(Formerly FIPS 9-1), ANSI INCITS 446:2008 (Geographic Names Information System (GNIS))</gco:CharacterString>
                     </gmd:title>
                     <gmd:date gco:nilReason="unknown"/>
                  </gmd:CI_Citation>
               </gmd:thesaurusName>
            </gmd:MD_Keywords>
         </gmd:descriptiveKeywords>
         <gmd:resourceConstraints>
            <gmd:MD_LegalConstraints>
               <gmd:accessConstraints>
                  <gmd:MD_RestrictionCode codeList="http://www.isotc211.org/2005/resources/Codelist/gmxCodelists.xml#MD_RestrictionCode"
                                          codeListValue="otherRestrictions"
                                          codeSpace="008 "> otherRestrictions </gmd:MD_RestrictionCode>
               </gmd:accessConstraints>
               <gmd:useConstraints>
                  <gmd:MD_RestrictionCode codeList="http://www.isotc211.org/2005/resources/Codelist/gmxCodelists.xml#MD_RestrictionCode"
                                          codeListValue="otherRestrictions"
                                          codeSpace="008 "/>
               </gmd:useConstraints>
               <gmd:otherConstraints>
                  <gco:CharacterString> Access Constraints: None</gco:CharacterString>
               </gmd:otherConstraints>
               <gmd:otherConstraints>
                  <gco:CharacterString> Use Constraints:The TIGER/Line Shapefile products are not copyrighted however TIGER/Line and Census TIGER are registered trademarks of the U.S. Census Bureau.  These products are free to use in a product or publication, however acknowledgement must be given to the U.S. Census Bureau as the source.
The horizontal spatial accuracy information present in these files is provided for the purposes of statistical analysis and census operations only.  No warranty, expressed or implied is made with regard to the accuracy of the spatial accuracy, and no liability is assumed by the U.S. Government in general or the U.S. Census Bureau, specifically as to the spatial or attribute accuracy of the data.  The TIGER/Line Shapefiles may not be suitable for high-precision measurement applications such as engineering problems, property transfers, or other uses that might require highly accurate measurements of the earth's surface.Coordinates in the TIGER/Line shapefiles have six implied decimal places, but the positional accuracy of these coordinates is not as great as the six decimal places suggest.</gco:CharacterString>
               </gmd:otherConstraints>
            </gmd:MD_LegalConstraints>
         </gmd:resourceConstraints>
            <!-- This is from the Direct Spatial Reference from Chapter 3 -->
            <gmd:spatialRepresentationType>
            <gmd:MD_SpatialRepresentationTypeCode codeList="http://www.isotc211.org/2005/resources/Codelist/gmxCodelists.xml#MD_SpatialRepresentationTypeCode"
                                                  codeListValue="vector">vector</gmd:MD_SpatialRepresentationTypeCode>
         </gmd:spatialRepresentationType>
         <gmd:language>
            <gco:CharacterString>eng</gco:CharacterString>
         </gmd:language>
         <gmd:characterSet>
            <gmd:MD_CharacterSetCode codeList="http://www.isotc211.org/2005/resources/Codelist/gmxCodelists.xml#MD_CharacterSetCode"
                                     codeListValue="UTF-8"
                                     codeSpace="">UTF-8</gmd:MD_CharacterSetCode>
         </gmd:characterSet>
         <gmd:environmentDescription>
            <gco:CharacterString>The TIGER/Line shapefiles contain geographic data only and do not include display mapping software or statistical data.  For information on how to use the TIGER/Line shapefile data with specific software package users shall contact the company that produced the software.</gco:CharacterString>
         </gmd:environmentDescription>
         <gmd:extent>
            <gmd:EX_Extent id="boundingExtent">
               <gmd:geographicElement>
                  <gmd:EX_GeographicBoundingBox id="boundingGeographicBoundingBox">
                     <gmd:westBoundLongitude>
                        <gco:Decimal>-91.711795</gco:Decimal>
                     </gmd:westBoundLongitude>
                     <gmd:eastBoundLongitude>
                        <gco:Decimal>-91.052075</gco:Decimal>
                     </gmd:eastBoundLongitude>
                     <gmd:southBoundLatitude>
                        <gco:Decimal>33.93751</gco:Decimal>
                     </gmd:southBoundLatitude>
                     <gmd:northBoundLatitude>
                        <gco:Decimal>34.56805</gco:Decimal>
                     </gmd:northBoundLatitude>
                  </gmd:EX_GeographicBoundingBox>
               </gmd:geographicElement>
               <gmd:temporalElement>
                  <gmd:EX_TemporalExtent id="boundingTemporalExtent">
                     <gmd:extent>
                        <gml:TimePeriod gml:id="boundingTemporalExtentA">
                           <gml:description>publication date</gml:description>
                           <gml:beginPosition>2016-06</gml:beginPosition>
                           <gml:endPosition>2017-05</gml:endPosition>
                        </gml:TimePeriod>
                     </gmd:extent>
                  </gmd:EX_TemporalExtent>
               </gmd:temporalElement>
            </gmd:EX_Extent>
         </gmd:extent>
      </gmd:MD_DataIdentification>
   </gmd:identificationInfo>
   <!--This section provides the link for the file containing the Entity and Attribute Information. -->
<gmd:contentInfo>
      <gmd:MD_FeatureCatalogueDescription>
         <gmd:includedWithDataset>
            <gco:Boolean>true</gco:Boolean>
         </gmd:includedWithDataset>
         <gmd:featureTypes>
            <gco:LocalName codeSpace="unknown"> Address Range-Feature County-based </gco:LocalName>
         </gmd:featureTypes>
         <gmd:featureCatalogueCitation>
            <gmd:CI_Citation>
               <gmd:title>
                  <gco:CharacterString>Feature Catalog for the 2017 TIGER/Line Shapefile Address Range-Feature County-based </gco:CharacterString>
               </gmd:title>
               <gmd:date>
                  <gmd:CI_Date>
                     <gmd:date>
                        <gco:Date>2017</gco:Date>
                     </gmd:date>
                     <gmd:dateType>
                        <gmd:CI_DateTypeCode codeList="http://www.isotc211.org/2005/resources/Codelist/gmxCodelists.xml#CI_DateTypeCode"
                                             codeListValue="publication"
                                             codeSpace="002"/>
                     </gmd:dateType>
                  </gmd:CI_Date>
               </gmd:date>
               <gmd:citedResponsibleParty xlink:href="https://www.ngdc.noaa.gov/docucomp/1df27e57-4768-42de-909b-52f530601fba"
                                          xlink:title="U.S Department of Commerce, U.S Census Bureau, Geography Division (distributor)"/>
               <gmd:otherCitationDetails>
                  <gco:CharacterString>https://meta.geo.census.gov/data/existing/decennial/GEO/GPMB/TIGERline/TIGER2017/addrfeat/tl_2017_addrfeat.shp.ea.iso.xml</gco:CharacterString>
               </gmd:otherCitationDetails>
            </gmd:CI_Citation>
         </gmd:featureCatalogueCitation>
      </gmd:MD_FeatureCatalogueDescription>
   </gmd:contentInfo>
   <gmd:distributionInfo>
      <gmd:MD_Distribution>
         <gmd:distributionFormat>
            <gmd:MD_Format>
               <gmd:name>
                  <gco:CharacterString>TGRSHP (compressed)</gco:CharacterString>
               </gmd:name>
               <gmd:version gco:nilReason="unknown"/>
               <gmd:fileDecompressionTechnique>
                  <gco:CharacterString>PK-ZIP, version 1.93 A or higher</gco:CharacterString>
               </gmd:fileDecompressionTechnique>
            </gmd:MD_Format>
         </gmd:distributionFormat>
         <gmd:distributionFormat>
            <gmd:MD_Format>
               <gmd:name>
                  <gco:CharacterString>HTML</gco:CharacterString>
               </gmd:name>
               <gmd:version gco:nilReason="unknown"/>
            </gmd:MD_Format>
         </gmd:distributionFormat>
         <gmd:distributor>
            <gmd:MD_Distributor>
               <gmd:distributorContact xlink:href="https://www.ngdc.noaa.gov/docucomp/f48e4893-a57f-4f2b-ad5d-0cca1b34ec62"
                                       xlink:title="U.S Department of Commerce, U.S Census Bureau, Geography Division, Spatial Data Collection and Products Branch (distributor)"/>
               <gmd:distributionOrderProcess>
                  <gmd:MD_StandardOrderProcess>
                     <gmd:fees>
                        <gco:CharacterString>The online copy of the TIGER/Line Shapefiles may be accessed without charge.</gco:CharacterString>
                     </gmd:fees>
                     <gmd:orderingInstructions>
                        <gco:CharacterString>To obtain more information about ordering TIGER/Line Shapefiles visit http://www.census.gov/geo/www/tiger </gco:CharacterString>
                     </gmd:orderingInstructions>
                  </gmd:MD_StandardOrderProcess>
               </gmd:distributionOrderProcess>
            </gmd:MD_Distributor>
         </gmd:distributor>
         <gmd:transferOptions>
            <gmd:MD_DigitalTransferOptions>
               <gmd:onLine>
                  <gmd:CI_OnlineResource>
                     <gmd:linkage>
                        <gmd:URL>http://www2.census.gov/geo/tiger/TIGER2017/ADDRFEAT/tl_2017_05001_addrfeat.zip</gmd:URL>
                     </gmd:linkage>
                     <gmd:name>
                        <gco:CharacterString>Shapefile Zip File</gco:CharacterString>
                     </gmd:name>
                  </gmd:CI_OnlineResource>
               </gmd:onLine>
            </gmd:MD_DigitalTransferOptions>
         </gmd:transferOptions>
         <gmd:transferOptions>
            <gmd:MD_DigitalTransferOptions>
               <gmd:onLine>
                  <gmd:CI_OnlineResource>
                     <gmd:linkage>
                        <gmd:URL>http://www.census.gov/geo/maps-data/data/tiger-line.html</gmd:URL>
                     </gmd:linkage>
                     <gmd:name>
                        <gco:CharacterString>TIGER/Line® Shapefiles</gco:CharacterString>
                     </gmd:name>
                     <gmd:description>
                        <gco:CharacterString>Should be used for most mapping projects--this is our most comprehensive dataset. Designed for use with GIS
                                                            (geographic information systems).</gco:CharacterString>
                     </gmd:description>
                  </gmd:CI_OnlineResource>
               </gmd:onLine>
            </gmd:MD_DigitalTransferOptions>
         </gmd:transferOptions>
      </gmd:MD_Distribution>
   </gmd:distributionInfo>
   <gmd:dataQualityInfo>
      <gmd:DQ_DataQuality>
         <gmd:scope>
            <gmd:DQ_Scope>
               <gmd:level>
                  <gmd:MD_ScopeCode codeList="http://www.isotc211.org/2005/resources/Codelist/gmxCodelists.xml#MD_ScopeCode"
                                    codeListValue="dataset"
                                    codeSpace="005"> dataset </gmd:MD_ScopeCode>
               </gmd:level>
            </gmd:DQ_Scope>
         </gmd:scope>
         <gmd:report>
            <gmd:DQ_AbsoluteExternalPositionalAccuracy>
               <gmd:nameOfMeasure>
                  <gco:CharacterString>Horizontal Positional Accuracy</gco:CharacterString>
               </gmd:nameOfMeasure>
               <gmd:measureDescription>
                  <gco:CharacterString>The Census Bureau uses root mean square error (RMSE) as stated in the FGDC-STD-007. 3-1998, Geospatial Positioning Accuracy Standards, Part 3: National Standard for Spatial Data Accuracy.</gco:CharacterString>
               </gmd:measureDescription>
               <gmd:evaluationMethodDescription>
                  <gco:CharacterString>The Census Bureau uses Global Positioning System (GPS) coordinates at road centerline intersections to evaluate the horizontal spatial accuracy of source files that may be used to realign road features in the MAF/TIGER database and test the horizontal spatial accuracy of the road features in the TIGER/Line Shapefiles.  The test compares a survey-grade GPS coordinate to its associated road centerline intersection in the TIGER/Line Shapefiles.  The test is based on an independent collection of GPS coordinates for a random sample of road intersections from a centerline file that meet certain criteria.  The points are referred to as the sample points and are gathered through a private contractor working for the Census Bureau.  Since the collection method uses survey-quality GPS-based field techniques, the resulting control points are considered 'ground truth' against which the TIGER road centerline intersection coordinates are compared.  The distances between the coordinates are calculated and the Census Bureau determines the Circular Error 95% (CE95).  That is, the accuracy of the file in meters with 95% confidence.  The CE95 can be calculated from the mean and standard deviation by using the formula: mean of differences plus (2.65 times the standard deviation).  CE95 results reported for each file tested are determined using a spreadsheet with embedded statistical formula.  The use and applicability of the spreadsheet and its embedded formula have been verified by Census Bureau statisticians.  The basis of the calculation is the use of the root mean square error (RMSE).  This is the method as stated in the U.S. Government's Federal Geographic Data Committee Standard FGDC-STD-007.3-1998, Geospatial Positioning Accuracy Standards.  Part 3: National Standard for Spatial Data Accuracy.  The results of using this measure of accuracy are in compliance with Federal Spatial Data requirements.  In terms of the Census Bureau application, the dataset coordinate values are those taken from the centerline file and the coordinate values from an independent source of higher accuracy are those acquired through the Census Bureau's contractor.  Please note that the horizontal spatial accuracy, where reported, refers only to the realigned road features identified as matched to the positionally accurate source file with that accuracy.  It is not the spatial accuracy of the TIGER/Line Shapefile as a whole.</gco:CharacterString>
               </gmd:evaluationMethodDescription>
               <gmd:result>
                  <gmd:DQ_QuantitativeResult>
                     <gmd:valueUnit>
                        <gml:BaseUnit gml:id="Meters3.71for 4879">
                           <gml:identifier codeSpace="meters ">meters</gml:identifier>
                           <gml:unitsSystem xlink:href="http://www.bipm.org/en/si/ "/>
                        </gml:BaseUnit>
                     </gmd:valueUnit>
                     <gmd:value>
                        <gco:Record>3.71 meters for 4879</gco:Record>
                     </gmd:value>
                  </gmd:DQ_QuantitativeResult>
               </gmd:result>
            </gmd:DQ_AbsoluteExternalPositionalAccuracy>
         </gmd:report>
         <gmd:report>
            <gmd:DQ_AbsoluteExternalPositionalAccuracy>
               <gmd:nameOfMeasure>
                  <gco:CharacterString>Horizontal Positional Accuracy</gco:CharacterString>
               </gmd:nameOfMeasure>
               <gmd:measureDescription>
                  <gco:CharacterString>The Census Bureau uses root mean square error (RMSE) as stated in the FGDC-STD-007. 3-1998, Geospatial Positioning Accuracy Standards, Part 3: National Standard for Spatial Data Accuracy.</gco:CharacterString>
               </gmd:measureDescription>
               <gmd:evaluationMethodDescription>
                  <gco:CharacterString>The Census Bureau uses Global Positioning System (GPS) coordinates at road centerline intersections to evaluate the horizontal spatial accuracy of source files that may be used to realign road features in the MAF/TIGER database and test the horizontal spatial accuracy of the road features in the TIGER/Line Shapefiles.  The test compares a survey-grade GPS coordinate to its associated road centerline intersection in the TIGER/Line Shapefiles.  The test is based on an independent collection of GPS coordinates for a random sample of road intersections from a centerline file that meet certain criteria.  The points are referred to as the sample points and are gathered through a private contractor working for the Census Bureau.  Since the collection method uses survey-quality GPS-based field techniques, the resulting control points are considered 'ground truth' against which the TIGER road centerline intersection coordinates are compared.  The distances between the coordinates are calculated and the Census Bureau determines the Circular Error 95% (CE95).  That is, the accuracy of the file in meters with 95% confidence.  The CE95 can be calculated from the mean and standard deviation by using the formula: mean of differences plus (2.65 times the standard deviation).  CE95 results reported for each file tested are determined using a spreadsheet with embedded statistical formula.  The use and applicability of the spreadsheet and its embedded formula have been verified by Census Bureau statisticians.  The basis of the calculation is the use of the root mean square error (RMSE).  This is the method as stated in the U.S. Government's Federal Geographic Data Committee Standard FGDC-STD-007.3-1998, Geospatial Positioning Accuracy Standards.  Part 3: National Standard for Spatial Data Accuracy.  The results of using this measure of accuracy are in compliance with Federal Spatial Data requirements.  In terms of the Census Bureau application, the dataset coordinate values are those taken from the centerline file and the coordinate values from an independent source of higher accuracy are those acquired through the Census Bureau's contractor.  Please note that the horizontal spatial accuracy, where reported, refers only to the realigned road features identified as matched to the positionally accurate source file with that accuracy.  It is not the spatial accuracy of the TIGER/Line Shapefile as a whole.</gco:CharacterString>
               </gmd:evaluationMethodDescription>
               <gmd:result>
                  <gmd:DQ_QuantitativeResult>
                     <gmd:valueUnit>
                        <gml:BaseUnit gml:id="Meters6.29for 6536">
                           <gml:identifier codeSpace="meters ">meters</gml:identifier>
                           <gml:unitsSystem xlink:href="http://www.bipm.org/en/si/ "/>
                        </gml:BaseUnit>
                     </gmd:valueUnit>
                     <gmd:value>
                        <gco:Record>6.291 meters for 6536</gco:Record>
                     </gmd:value>
                  </gmd:DQ_QuantitativeResult>
               </gmd:result>
            </gmd:DQ_AbsoluteExternalPositionalAccuracy>
         </gmd:report>
         <gmd:report>
            <gmd:DQ_AbsoluteExternalPositionalAccuracy>
               <gmd:nameOfMeasure>
                  <gco:CharacterString>Horizontal Positional Accuracy</gco:CharacterString>
               </gmd:nameOfMeasure>
               <gmd:measureDescription>
                  <gco:CharacterString>The Census Bureau uses root mean square error (RMSE) as stated in the FGDC-STD-007. 3-1998, Geospatial Positioning Accuracy Standards, Part 3: National Standard for Spatial Data Accuracy.</gco:CharacterString>
               </gmd:measureDescription>
               <gmd:evaluationMethodDescription>
                  <gco:CharacterString>The Census Bureau uses Global Positioning System (GPS) coordinates at road centerline intersections to evaluate the horizontal spatial accuracy of source files that may be used to realign road features in the MAF/TIGER database and test the horizontal spatial accuracy of the road features in the TIGER/Line Shapefiles.  The test compares a survey-grade GPS coordinate to its associated road centerline intersection in the TIGER/Line Shapefiles.  The test is based on an independent collection of GPS coordinates for a random sample of road intersections from a centerline file that meet certain criteria.  The points are referred to as the sample points and are gathered through a private contractor working for the Census Bureau.  Since the collection method uses survey-quality GPS-based field techniques, the resulting control points are considered 'ground truth' against which the TIGER road centerline intersection coordinates are compared.  The distances between the coordinates are calculated and the Census Bureau determines the Circular Error 95% (CE95).  That is, the accuracy of the file in meters with 95% confidence.  The CE95 can be calculated from the mean and standard deviation by using the formula: mean of differences plus (2.65 times the standard deviation).  CE95 results reported for each file tested are determined using a spreadsheet with embedded statistical formula.  The use and applicability of the spreadsheet and its embedded formula have been verified by Census Bureau statisticians.  The basis of the calculation is the use of the root mean square error (RMSE).  This is the method as stated in the U.S. Government's Federal Geographic Data Committee Standard FGDC-STD-007.3-1998, Geospatial Positioning Accuracy Standards.  Part 3: National Standard for Spatial Data Accuracy.  The results of using this measure of accuracy are in compliance with Federal Spatial Data requirements.  In terms of the Census Bureau application, the dataset coordinate values are those taken from the centerline file and the coordinate values from an independent source of higher accuracy are those acquired through the Census Bureau's contractor.  Please note that the horizontal spatial accuracy, where reported, refers only to the realigned road features identified as matched to the positionally accurate source file with that accuracy.  It is not the spatial accuracy of the TIGER/Line Shapefile as a whole.</gco:CharacterString>
               </gmd:evaluationMethodDescription>
               <gmd:result>
                  <gmd:DQ_QuantitativeResult>
                     <gmd:valueUnit>
                        <gml:BaseUnit gml:id="Meters6.74for 2389">
                           <gml:identifier codeSpace="meters ">meters</gml:identifier>
                           <gml:unitsSystem xlink:href="http://www.bipm.org/en/si/ "/>
                        </gml:BaseUnit>
                     </gmd:valueUnit>
                     <gmd:value>
                        <gco:Record>6.74 meters for 2389</gco:Record>
                     </gmd:value>
                  </gmd:DQ_QuantitativeResult>
               </gmd:result>
            </gmd:DQ_AbsoluteExternalPositionalAccuracy>
         </gmd:report>
         <gmd:report>
            <gmd:DQ_CompletenessCommission>
               <gmd:evaluationMethodDescription>
                  <gco:CharacterString>Data completeness of the TIGER/Line Shapefiles reflects the contents of the Census MAF/TIGER database at the time the TIGER/Line Shapefiles were created.</gco:CharacterString>
               </gmd:evaluationMethodDescription>
               <gmd:result gco:nilReason="unknown"/>
            </gmd:DQ_CompletenessCommission>
         </gmd:report>
         <gmd:report>
            <gmd:DQ_CompletenessOmission>
               <gmd:evaluationMethodDescription>
                  <gco:CharacterString>Data completeness of the TIGER/Line Shapefiles reflects the contents of the Census MAF/TIGER database at the time the TIGER/Line Shapefiles were created.</gco:CharacterString>
               </gmd:evaluationMethodDescription>
               <gmd:result gco:nilReason="unknown"/>
            </gmd:DQ_CompletenessOmission>
         </gmd:report>
         <gmd:report>
            <gmd:DQ_ConceptualConsistency>
               <gmd:measureDescription>
                  <gco:CharacterString>There may be some inconsistencies in feature names along features.  An anomaly exists with the sporadic occurrence of road segments comprising a complete chain with different MAF/TIGER Feature Census Class Code (MTFCC) values assigned.  This problem could affect applications that use the MTFCC values for network analysis, routing, or for assigning symbology to a feature when creating a map.
The Census Bureau performed automated tests to ensure logical consistency and limits of shapefiles.  Node/geometry and topology relationships are collected or generated to satisfy topological edit requirements.  These requirements include:
(1) Complete chains must begin and end at nodes.
(2) Complete chains must connect to each other at nodes.
(3) Complete chains do not extend through nodes.
(4) Left and right polygons are defined for each complete chain element and are consistent throughout the extract process.
(5) The chains representing the limits of the files are free of gaps.</gco:CharacterString>
               </gmd:measureDescription>
               <gmd:result gco:nilReason="unknown"/>
            </gmd:DQ_ConceptualConsistency>
         </gmd:report>
         <gmd:lineage>
            <gmd:LI_Lineage>
               <gmd:processStep>
                  <gmd:LI_ProcessStep>
                     <gmd:description>
                        <gco:CharacterString>TIGER/Line Shapefiles are extracted from the Census MAF/TIGER database by nation, state, county, and entity.  Census MAF/TIGER data for all of the aforementioned geographic entities are then distributed among the shapefiles each containing attributes for line, polygon, or landmark geographic data. </gco:CharacterString>
                     </gmd:description>
                     <gmd:dateTime>
                        <gco:DateTime>2017-01-01T00:00:00</gco:DateTime>
                     </gmd:dateTime>
                     <gmd:source>
                        <gmd:LI_Source>
                           <gmd:description>
                              <gco:CharacterString>online</gco:CharacterString>
                           </gmd:description>
                           <gmd:sourceCitation>
                              <gmd:CI_Citation>
                                 <gmd:title>
                                    <gco:CharacterString>Census MAF/TIGER database</gco:CharacterString>
                                 </gmd:title>
                                 <gmd:alternateTitle>
                                    <gco:CharacterString>MAF/TIGER</gco:CharacterString>
                                 </gmd:alternateTitle>
                                 <gmd:date>
                                    <gmd:CI_Date>
                                       <gmd:date>
                                          <gco:Date>2017-05</gco:Date>
                                       </gmd:date>
                                       <gmd:dateType>
                                          <gmd:CI_DateTypeCode codeList="http://www.isotc211.org/2005/resources/Codelist/gmxCodelists.xml#CI_DateTypeCode"
                                                               codeListValue="publication date">publication date</gmd:CI_DateTypeCode>
                                       </gmd:dateType>
                                    </gmd:CI_Date>
                                 </gmd:date>
                                 <gmd:citedResponsibleParty>
                                    <gmd:CI_ResponsibleParty>
                                       <gmd:organisationName>
                                          <gco:CharacterString>U.S. Department of Commerce, U.S. Census Bureau, Geography Division</gco:CharacterString>
                                       </gmd:organisationName>
                                       <gmd:role>
                                          <gmd:CI_RoleCode codeList="http://www.isotc211.org/2005/resources/Codelist/gmxCodelists.xml#CI_RoleCode"
                                                           codeListValue="originator">originator
                                             </gmd:CI_RoleCode>
                                       </gmd:role>
                                    </gmd:CI_ResponsibleParty>
                                 </gmd:citedResponsibleParty>
                                 <gmd:otherCitationDetails>
                                    <gco:CharacterString> Source Contribution: All line segments</gco:CharacterString>
                                 </gmd:otherCitationDetails>
                              </gmd:CI_Citation>
                           </gmd:sourceCitation>
                        </gmd:LI_Source>
                     </gmd:source>
                     <gmd:source>
                        <gmd:LI_Source>
                           <gmd:description>
                              <gco:CharacterString>GEOSTOR</gco:CharacterString>
                           </gmd:description>
                           <gmd:sourceCitation>
                              <gmd:CI_Citation>
                                 <gmd:title>
                                    <gco:CharacterString>Jefferson County, AR New File</gco:CharacterString>
                                 </gmd:title>
                                 <gmd:date>
                                    <gmd:CI_Date>
                                       <gmd:date gco:nilReason="unknown"/>
                                       <gmd:dateType>
                                          <gmd:CI_DateTypeCode codeList="http://www.isotc211.org/2005/resources/Codelist/gmxCodelists.xml#CI_DateTypeCode"
                                                               codeListValue="Ground Condition">Ground Condition</gmd:CI_DateTypeCode>
                                       </gmd:dateType>
                                    </gmd:CI_Date>
                                 </gmd:date>
                                 <gmd:citedResponsibleParty>
                                    <gmd:CI_ResponsibleParty>
                                       <gmd:organisationName>
                                          <gco:CharacterString>2389 Jefferson County OEM</gco:CharacterString>
                                       </gmd:organisationName>
                                       <gmd:role>
                                          <gmd:CI_RoleCode codeList="http://www.isotc211.org/2005/resources/Codelist/gmxCodelists.xml#CI_RoleCode"
                                                           codeListValue="originator">originator
                                             </gmd:CI_RoleCode>
                                       </gmd:role>
                                    </gmd:CI_ResponsibleParty>
                                 </gmd:citedResponsibleParty>
                                 <gmd:otherCitationDetails>
                                    <gco:CharacterString> Source Contribution: Coordinates to realign selected road features in the Census MAF/TIGER database.</gco:CharacterString>
                                 </gmd:otherCitationDetails>
                              </gmd:CI_Citation>
                           </gmd:sourceCitation>
                        </gmd:LI_Source>
                     </gmd:source>
                     <gmd:source>
                        <gmd:LI_Source>
                           <gmd:description>
                              <gco:CharacterString>Internet Download</gco:CharacterString>
                           </gmd:description>
                           <gmd:sourceCitation>
                              <gmd:CI_Citation>
                                 <gmd:title>
                                    <gco:CharacterString>National Hydrography Dataset - High Res.</gco:CharacterString>
                                 </gmd:title>
                                 <gmd:date>
                                    <gmd:CI_Date>
                                       <gmd:date gco:nilReason="unknown"/>
                                       <gmd:dateType>
                                          <gmd:CI_DateTypeCode codeList="http://www.isotc211.org/2005/resources/Codelist/gmxCodelists.xml#CI_DateTypeCode"
                                                               codeListValue="Unknown">Unknown</gmd:CI_DateTypeCode>
                                       </gmd:dateType>
                                    </gmd:CI_Date>
                                 </gmd:date>
                                 <gmd:citedResponsibleParty>
                                    <gmd:CI_ResponsibleParty>
                                       <gmd:organisationName>
                                          <gco:CharacterString>3056 USGS - National Hydrography Dataset Coordination and Requirements (C&amp;R)</gco:CharacterString>
                                       </gmd:organisationName>
                                       <gmd:role>
                                          <gmd:CI_RoleCode codeList="http://www.isotc211.org/2005/resources/Codelist/gmxCodelists.xml#CI_RoleCode"
                                                           codeListValue="originator">originator
                                             </gmd:CI_RoleCode>
                                       </gmd:role>
                                    </gmd:CI_ResponsibleParty>
                                 </gmd:citedResponsibleParty>
                                 <gmd:otherCitationDetails>
                                    <gco:CharacterString> Source Contribution: Coordinates to realign selected hydrographic features in the Census MAF/TIGER database.</gco:CharacterString>
                                 </gmd:otherCitationDetails>
                              </gmd:CI_Citation>
                           </gmd:sourceCitation>
                        </gmd:LI_Source>
                     </gmd:source>
                     <gmd:source>
                        <gmd:LI_Source>
                           <gmd:description>
                              <gco:CharacterString>CD-ROM</gco:CharacterString>
                           </gmd:description>
                           <gmd:sourceCitation>
                              <gmd:CI_Citation>
                                 <gmd:title>
                                    <gco:CharacterString>map</gco:CharacterString>
                                 </gmd:title>
                                 <gmd:date>
                                    <gmd:CI_Date>
                                       <gmd:date gco:nilReason="unknown"/>
                                       <gmd:dateType>
                                          <gmd:CI_DateTypeCode codeList="http://www.isotc211.org/2005/resources/Codelist/gmxCodelists.xml#CI_DateTypeCode"
                                                               codeListValue="Unknown">Unknown</gmd:CI_DateTypeCode>
                                       </gmd:dateType>
                                    </gmd:CI_Date>
                                 </gmd:date>
                                 <gmd:citedResponsibleParty>
                                    <gmd:CI_ResponsibleParty>
                                       <gmd:organisationName>
                                          <gco:CharacterString>4879 Monroe County</gco:CharacterString>
                                       </gmd:organisationName>
                                       <gmd:role>
                                          <gmd:CI_RoleCode codeList="http://www.isotc211.org/2005/resources/Codelist/gmxCodelists.xml#CI_RoleCode"
                                                           codeListValue="originator">originator
                                             </gmd:CI_RoleCode>
                                       </gmd:role>
                                    </gmd:CI_ResponsibleParty>
                                 </gmd:citedResponsibleParty>
                                 <gmd:otherCitationDetails>
                                    <gco:CharacterString> Source Contribution: Coordinates to realign selected road features in the Census MAF/TIGER database.</gco:CharacterString>
                                 </gmd:otherCitationDetails>
                              </gmd:CI_Citation>
                           </gmd:sourceCitation>
                        </gmd:LI_Source>
                     </gmd:source>
                     <gmd:source>
                        <gmd:LI_Source>
                           <gmd:description>
                              <gco:CharacterString>Internet Download</gco:CharacterString>
                           </gmd:description>
                           <gmd:sourceCitation>
                              <gmd:CI_Citation>
                                 <gmd:title>
                                    <gco:CharacterString>National Hydrography Dataset - High Res.</gco:CharacterString>
                                 </gmd:title>
                                 <gmd:date>
                                    <gmd:CI_Date>
                                       <gmd:date gco:nilReason="unknown"/>
                                       <gmd:dateType>
                                          <gmd:CI_DateTypeCode codeList="http://www.isotc211.org/2005/resources/Codelist/gmxCodelists.xml#CI_DateTypeCode"
                                                               codeListValue="Unknown">Unknown</gmd:CI_DateTypeCode>
                                       </gmd:dateType>
                                    </gmd:CI_Date>
                                 </gmd:date>
                                 <gmd:citedResponsibleParty>
                                    <gmd:CI_ResponsibleParty>
                                       <gmd:organisationName>
                                          <gco:CharacterString>6535 USGS - National Hydrography Dataset Coordination and Requirements (C&amp;R)</gco:CharacterString>
                                       </gmd:organisationName>
                                       <gmd:role>
                                          <gmd:CI_RoleCode codeList="http://www.isotc211.org/2005/resources/Codelist/gmxCodelists.xml#CI_RoleCode"
                                                           codeListValue="originator">originator
                                             </gmd:CI_RoleCode>
                                       </gmd:role>
                                    </gmd:CI_ResponsibleParty>
                                 </gmd:citedResponsibleParty>
                                 <gmd:otherCitationDetails>
                                    <gco:CharacterString> Source Contribution: Coordinates to realign selected hydrographic features in the Census MAF/TIGER database.</gco:CharacterString>
                                 </gmd:otherCitationDetails>
                              </gmd:CI_Citation>
                           </gmd:sourceCitation>
                        </gmd:LI_Source>
                     </gmd:source>
                     <gmd:source>
                        <gmd:LI_Source>
                           <gmd:description>
                              <gco:CharacterString>Unknown</gco:CharacterString>
                           </gmd:description>
                           <gmd:sourceCitation>
                              <gmd:CI_Citation>
                                 <gmd:title>
                                    <gco:CharacterString>Arkansas Co AR HAS Collect</gco:CharacterString>
                                 </gmd:title>
                                 <gmd:date>
                                    <gmd:CI_Date>
                                       <gmd:date gco:nilReason="unknown"/>
                                       <gmd:dateType>
                                          <gmd:CI_DateTypeCode codeList="http://www.isotc211.org/2005/resources/Codelist/gmxCodelists.xml#CI_DateTypeCode"
                                                               codeListValue="Unknown">Unknown</gmd:CI_DateTypeCode>
                                       </gmd:dateType>
                                    </gmd:CI_Date>
                                 </gmd:date>
                                 <gmd:citedResponsibleParty>
                                    <gmd:CI_ResponsibleParty>
                                       <gmd:organisationName>
                                          <gco:CharacterString>6536 Harris Corporation</gco:CharacterString>
                                       </gmd:organisationName>
                                       <gmd:role>
                                          <gmd:CI_RoleCode codeList="http://www.isotc211.org/2005/resources/Codelist/gmxCodelists.xml#CI_RoleCode"
                                                           codeListValue="originator">originator
                                             </gmd:CI_RoleCode>
                                       </gmd:role>
                                    </gmd:CI_ResponsibleParty>
                                 </gmd:citedResponsibleParty>
                                 <gmd:otherCitationDetails>
                                    <gco:CharacterString> Source Contribution: Coordinates to realign selected road features in the Census MAF/TIGER database.</gco:CharacterString>
                                 </gmd:otherCitationDetails>
                              </gmd:CI_Citation>
                           </gmd:sourceCitation>
                        </gmd:LI_Source>
                     </gmd:source>
                     <gmd:source>
                        <gmd:LI_Source>
                           <gmd:description>
                              <gco:CharacterString>Unknown</gco:CharacterString>
                           </gmd:description>
                           <gmd:sourceCitation>
                              <gmd:CI_Citation>
                                 <gmd:title>
                                    <gco:CharacterString>2010 ADCAN GPS Feature Updates</gco:CharacterString>
                                 </gmd:title>
                                 <gmd:date>
                                    <gmd:CI_Date>
                                       <gmd:date gco:nilReason="unknown"/>
                                       <gmd:dateType>
                                          <gmd:CI_DateTypeCode codeList="http://www.isotc211.org/2005/resources/Codelist/gmxCodelists.xml#CI_DateTypeCode"
                                                               codeListValue="Unknown">Unknown</gmd:CI_DateTypeCode>
                                       </gmd:dateType>
                                    </gmd:CI_Date>
                                 </gmd:date>
                                 <gmd:citedResponsibleParty>
                                    <gmd:CI_ResponsibleParty>
                                       <gmd:organisationName>
                                          <gco:CharacterString>7190 Census Bureau - Geography Division US Census Bureau - Geo Div - LFGPB</gco:CharacterString>
                                       </gmd:organisationName>
                                       <gmd:role>
                                          <gmd:CI_RoleCode codeList="http://www.isotc211.org/2005/resources/Codelist/gmxCodelists.xml#CI_RoleCode"
                                                           codeListValue="originator">originator
                                             </gmd:CI_RoleCode>
                                       </gmd:role>
                                    </gmd:CI_ResponsibleParty>
                                 </gmd:citedResponsibleParty>
                                 <gmd:otherCitationDetails>
                                    <gco:CharacterString> Source Contribution: Coordinates to realign selected road features in the Census MAF/TIGER database.</gco:CharacterString>
                                 </gmd:otherCitationDetails>
                              </gmd:CI_Citation>
                           </gmd:sourceCitation>
                        </gmd:LI_Source>
                     </gmd:source>
                     <gmd:source>
                        <gmd:LI_Source>
                           <gmd:description>
                              <gco:CharacterString>Unknown</gco:CharacterString>
                           </gmd:description>
                           <gmd:sourceCitation>
                              <gmd:CI_Citation>
                                 <gmd:title>
                                    <gco:CharacterString>2010 ADCAN Manual Feature Updates</gco:CharacterString>
                                 </gmd:title>
                                 <gmd:date>
                                    <gmd:CI_Date>
                                       <gmd:date gco:nilReason="unknown"/>
                                       <gmd:dateType>
                                          <gmd:CI_DateTypeCode codeList="http://www.isotc211.org/2005/resources/Codelist/gmxCodelists.xml#CI_DateTypeCode"
                                                               codeListValue="Unknown">Unknown</gmd:CI_DateTypeCode>
                                       </gmd:dateType>
                                    </gmd:CI_Date>
                                 </gmd:date>
                                 <gmd:citedResponsibleParty>
                                    <gmd:CI_ResponsibleParty>
                                       <gmd:organisationName>
                                          <gco:CharacterString>7191 Census Bureau - Geography Division US Census Bureau - Geo Div - LFGPB</gco:CharacterString>
                                       </gmd:organisationName>
                                       <gmd:role>
                                          <gmd:CI_RoleCode codeList="http://www.isotc211.org/2005/resources/Codelist/gmxCodelists.xml#CI_RoleCode"
                                                           codeListValue="originator">originator
                                             </gmd:CI_RoleCode>
                                       </gmd:role>
                                    </gmd:CI_ResponsibleParty>
                                 </gmd:citedResponsibleParty>
                                 <gmd:otherCitationDetails>
                                    <gco:CharacterString> Source Contribution: Coordinates to realign selected road features in the Census MAF/TIGER database.</gco:CharacterString>
                                 </gmd:otherCitationDetails>
                              </gmd:CI_Citation>
                           </gmd:sourceCitation>
                        </gmd:LI_Source>
                     </gmd:source>
                     <gmd:source>
                        <gmd:LI_Source>
                           <gmd:description>
                              <gco:CharacterString>Unknown</gco:CharacterString>
                           </gmd:description>
                           <gmd:sourceCitation>
                              <gmd:CI_Citation>
                                 <gmd:title>
                                    <gco:CharacterString>05_AR_2013_NAIP</gco:CharacterString>
                                 </gmd:title>
                                 <gmd:date>
                                    <gmd:CI_Date>
                                       <gmd:date>
                                          <gco:Date>2013</gco:Date>
                                       </gmd:date>
                                       <gmd:dateType>
                                          <gmd:CI_DateTypeCode codeList="http://www.isotc211.org/2005/resources/Codelist/gmxCodelists.xml#CI_DateTypeCode"
                                                               codeListValue="2013">2013</gmd:CI_DateTypeCode>
                                       </gmd:dateType>
                                    </gmd:CI_Date>
                                 </gmd:date>
                                 <gmd:citedResponsibleParty>
                                    <gmd:CI_ResponsibleParty>
                                       <gmd:organisationName>
                                          <gco:CharacterString>12370 Acquired from USDA</gco:CharacterString>
                                       </gmd:organisationName>
                                       <gmd:role>
                                          <gmd:CI_RoleCode codeList="http://www.isotc211.org/2005/resources/Codelist/gmxCodelists.xml#CI_RoleCode"
                                                           codeListValue="originator">originator
                                             </gmd:CI_RoleCode>
                                       </gmd:role>
                                    </gmd:CI_ResponsibleParty>
                                 </gmd:citedResponsibleParty>
                                 <gmd:otherCitationDetails>
                                    <gco:CharacterString> Source Contribution: All line segments</gco:CharacterString>
                                 </gmd:otherCitationDetails>
                              </gmd:CI_Citation>
                           </gmd:sourceCitation>
                        </gmd:LI_Source>
                     </gmd:source>
                  </gmd:LI_ProcessStep>
               </gmd:processStep>
            </gmd:LI_Lineage>
         </gmd:lineage>
      </gmd:DQ_DataQuality>
   </gmd:dataQualityInfo>
   <gmd:metadataMaintenance>
      <gmd:MD_MaintenanceInformation>
         <gmd:maintenanceAndUpdateFrequency>
            <gmd:MD_MaintenanceFrequencyCode codeList="http://www.isotc211.org/2005/resources/Codelist/gmxCodelists.xml#MD_MaintenanceFrequencyCode"
                                             codeListValue="notPlanned"
                                             codeSpace="011">
                         notPlanned
                </gmd:MD_MaintenanceFrequencyCode>
         </gmd:maintenanceAndUpdateFrequency>
         <gmd:maintenanceNote>
            <gco:CharacterString>This was transformed from the Census Metadata Import Format</gco:CharacterString>
         </gmd:maintenanceNote>
         <gmd:contact xlink:href="https://www.ngdc.noaa.gov/docucomp/B04DFA5D-40CD-B677-E040-0AC8C5BB4473"
                      xlink:title=" U.S. Department of Commerce, U.S. Census Bureau, Geography Division, Spatial Data Collection and Products Branch(custodian)"/>
      </gmd:MD_MaintenanceInformation>
   </gmd:metadataMaintenance>
</gmi:MI_Metadata>